{"cameraMode":{"drawMode":0,"name":"Shaded","section":"Shading Mode"},"sceneLighting":true,"audioPlay":false,"sceneViewState":{"m_AlwaysRefresh":false,"showFog":true,"showSkybox":true,"showFlares":true,"showImageEffects":true,"showParticleSystems":true,"showVisualEffectGraphs":true,"m_FxEnabled":true},"in2DMode":false,"pivot":{"x":22.673355102539064,"y":-0.14878392219543458,"z":5.938955307006836},"rotation":{"x":0.028429517522454263,"y":0.8573658466339111,"z":-0.04763258993625641,"w":0.5117306113243103},"size":13.77742862701416,"orthographic":false}